-- phpMyAdmin SQL Dump
-- version 5.2.1
-- https://www.phpmyadmin.net/
--
-- Host: 127.0.0.1:3306
-- Generation Time: Jul 05, 2024 at 07:39 AM
-- Server version: 8.2.0
-- PHP Version: 8.2.13

SET SQL_MODE = "NO_AUTO_VALUE_ON_ZERO";
START TRANSACTION;
SET time_zone = "+00:00";


/*!40101 SET @OLD_CHARACTER_SET_CLIENT=@@CHARACTER_SET_CLIENT */;
/*!40101 SET @OLD_CHARACTER_SET_RESULTS=@@CHARACTER_SET_RESULTS */;
/*!40101 SET @OLD_COLLATION_CONNECTION=@@COLLATION_CONNECTION */;
/*!40101 SET NAMES utf8mb4 */;

--
-- Database: `newssystem2`
--

-- --------------------------------------------------------

--
-- Table structure for table `contact`
--

DROP TABLE IF EXISTS `contact`;
CREATE TABLE IF NOT EXISTS `contact` (
  `id` int NOT NULL AUTO_INCREMENT,
  `first_name` varchar(100) NOT NULL,
  `last_name` varchar(100) NOT NULL,
  `email` varchar(100) NOT NULL,
  `phone_number` int NOT NULL,
  `word` text NOT NULL,
  PRIMARY KEY (`id`)
) ENGINE=MyISAM AUTO_INCREMENT=4 DEFAULT CHARSET=utf8mb4 COLLATE=utf8mb4_0900_ai_ci;

--
-- Dumping data for table `contact`
--

INSERT INTO `contact` (`id`, `first_name`, `last_name`, `email`, `phone_number`, `word`) VALUES
(2, 'Nea', 'Nea', 'Nea@gmail.com', 987654321, 'I like your website instead you can uploads more news for me i want to see it more than this news.'),
(3, 'Nea', 'Nea', 'Nea@gmail.com', 987654321, 'Yes i get what u mean on your website thanks for creating this website.');

-- --------------------------------------------------------

--
-- Table structure for table `favorites`
--

DROP TABLE IF EXISTS `favorites`;
CREATE TABLE IF NOT EXISTS `favorites` (
  `id` int NOT NULL AUTO_INCREMENT,
  `post_id` int NOT NULL,
  `timestamp` timestamp NOT NULL DEFAULT CURRENT_TIMESTAMP ON UPDATE CURRENT_TIMESTAMP,
  PRIMARY KEY (`id`)
) ENGINE=MyISAM AUTO_INCREMENT=18 DEFAULT CHARSET=utf8mb4 COLLATE=utf8mb4_0900_ai_ci;

--
-- Dumping data for table `favorites`
--

INSERT INTO `favorites` (`id`, `post_id`, `timestamp`) VALUES
(3, 40, '2024-06-25 04:42:57'),
(4, 41, '2024-06-25 08:56:18'),
(5, 42, '2024-06-25 08:56:27'),
(6, 43, '2024-06-25 08:56:33'),
(8, 53, '2024-06-27 06:30:09'),
(9, 55, '2024-06-27 06:36:39'),
(10, 55, '2024-06-27 06:38:04'),
(11, 55, '2024-06-27 06:38:16'),
(12, 52, '2024-06-27 06:39:21'),
(13, 50, '2024-06-27 06:59:30'),
(14, 50, '2024-06-27 06:59:32'),
(15, 50, '2024-06-27 06:59:34'),
(16, 56, '2024-07-03 01:59:26'),
(17, 56, '2024-07-03 02:03:23');

-- --------------------------------------------------------

--
-- Table structure for table `feedback`
--

DROP TABLE IF EXISTS `feedback`;
CREATE TABLE IF NOT EXISTS `feedback` (
  `id` int NOT NULL AUTO_INCREMENT,
  `first_name` varchar(100) NOT NULL,
  `last_name` varchar(100) NOT NULL,
  `email` varchar(100) NOT NULL,
  `phone_number` varchar(15) NOT NULL,
  `word` text NOT NULL,
  PRIMARY KEY (`id`)
) ENGINE=MyISAM DEFAULT CHARSET=utf8mb4 COLLATE=utf8mb4_0900_ai_ci;

-- --------------------------------------------------------

--
-- Table structure for table `post`
--

DROP TABLE IF EXISTS `post`;
CREATE TABLE IF NOT EXISTS `post` (
  `id` int NOT NULL AUTO_INCREMENT,
  `profile` varchar(200) DEFAULT NULL,
  `title` longtext CHARACTER SET utf8mb4 COLLATE utf8mb4_0900_ai_ci,
  `text` longtext CHARACTER SET utf8mb4 COLLATE utf8mb4_general_ci NOT NULL,
  `status` tinyint DEFAULT NULL,
  `admin_id` int NOT NULL,
  `updated-at` timestamp NOT NULL DEFAULT CURRENT_TIMESTAMP ON UPDATE CURRENT_TIMESTAMP,
  `created_at` timestamp NOT NULL DEFAULT CURRENT_TIMESTAMP ON UPDATE CURRENT_TIMESTAMP,
  PRIMARY KEY (`id`)
) ENGINE=InnoDB AUTO_INCREMENT=57 DEFAULT CHARSET=utf8mb4 COLLATE=utf8mb4_0900_ai_ci;

--
-- Dumping data for table `post`
--

INSERT INTO `post` (`id`, `profile`, `title`, `text`, `status`, `admin_id`, `updated-at`, `created_at`) VALUES
(48, 'IMG_2024530_.jpg', 'សិក្ខាសាលាផ្សព្វផ្សាយស្តីពី “ក្របខ័ណ្ឌបទប្បញ្ញត្តិនៃការអនុវត្តសវនកម្មសមិទ្ធកម្មរបស់អង្គភាពសវនកម្មផ្ទៃក្នុងនៃ អ.ស.ហ.”', 'នាថ្ងៃព្រហស្បតិ៍ ៨រោច ខែពិសាខ ឆ្នាំរោង ឆស័ក ព.ស. ២៥៦៨ ត្រូវនឹងថ្ងៃទី៣០ ខែឧសភា ឆ្នាំ២០២៤ ដោយមានការអនុញ្ញាតដ៏ខ្ពង់ខ្ពស់ពី ឯកឧត្តមអគ្គបណ្ឌិតសភាចារ្យឧបនាយករដ្ឋមន្ត្រី និងជាប្រធានក្រុមប្រឹក្សាអាជ្ញាធរសេវាហិរញ្ញវត្ថុមិនមែនធនាគារ (អ.ស.ហ.) អង្គភាពសវនកម្មផ្ទៃក្នុងនៃ អ.ស.ហ. បានរៀបចំសិក្ខាសាលាផ្សព្វផ្សាយស្តីពី “ក្របខ័ណ្ឌបទប្បញ្ញត្តិនៃការអនុវត្តសវនកម្មសមិទ្ធកម្មរបស់អង្គភាពសវនកម្មផ្ទៃក្នុងនៃ អ.ស.ហ.” ក្រោមអធិបតីភាពដ៏ខ្ពង់ខ្ពស់របស់ ឯកឧត្តម ឈុន សម្បត្ដិ ប្រធានអង្គភាពសវនកម្មផ្ទៃក្នុងនៃ អ.ស.ហ.។ កម្មវិធីសិក្ខាសាលានេះត្រូវបានរៀបចំឡើងរយៈពេល ២ ថ្ងៃ នៅទីស្តីការ អ.ស.ហ. ដោយមានការចូលរួមពីមន្ដ្រីក្រោមឱវាទនៃអគ្គលេខាធិការដ្ឋាន អ.ស.ហ. និយ័តករមូលបត្រកម្ពុជា និយ័តករសន្តិសុខសង្គម និយ័តករធានារ៉ាប់រងកម្ពុជា និយ័តករបរធនបាលកិច្ច និយ័តករគណនេយ្យ និងសវនកម្ម និយ័តករអាជីវកម្មអចលនវត្ថុនិងបញ្ចាំ គណៈកម្មការគ្រប់គ្រងល្បែងពាណិជ្ជកម្មកម្ពុជា បេឡាជាតិសន្តិសុខសង្គម និងមន្ដ្រីរបស់អង្គភាពសវនកម្មផ្ទៃក្នុង សរុបចំនួនប្រមាណ ៧៩ រូប។ កម្មវិធីសិក្ខាសាលាផ្សព្វផ្សាយនេះ ទទួលបានការចូលរួមយ៉ាងសកម្មពីអង្គភាពក្រោមឱវាទ អ.ស.ហ. និងអង្គភាពពាក់ព័ន្ធ និងបានប្រព្រឹត្តទៅប្រកបដោយផ្លែផ្កា និងកិច្ចសហការល្អពីភាគីពាក់ព័ន្ធទាំងអស់។', NULL, 1, '2024-06-26 08:25:44', '2024-06-26 08:25:44'),
(49, 'IMG_3-6-2024.jpg', 'កិច្ចប្រជុំផ្ទៃក្នុងពិនិត្យនិងកែសម្រួលលើសេចក្ដីព្រាងក្របខ័ណ្ឌបទប្បញ្ញត្តិកម្មវិធីប្រកួតប្រជែងការយល់ដឹងពាក់ព័ន្ធនឹងការអនុវត្តមុខងារសវនកម្ម', 'នាព្រឹកថ្ងៃចន្ទ ១២រោច ខែពិសាខ ឆ្នាំរោង ឆស័ក ព.ស. ២៥៦៨ ត្រូវនឹងថ្ងៃទី៣ ខែឧសភា ឆ្នាំ២០២៤ វេលាម៉ោង ១០:០០នាទីព្រឹក ឯកឧត្តម ឈុន សម្បត្តិ ប្រធានអង្គភាពសវនកម្មផ្ទៃក្នុងនៃអាជ្ញាធរសេវាហិរញ្ញវត្ថុមិនមែនធនាគារ បានដឹកនាំកិច្ចប្រជុំផ្ទៃក្នុងពិនិត្យនិងកែសម្រួលលើសេចក្ដីព្រាងក្របខ័ណ្ឌបទប្បញ្ញត្តិកម្មវិធីប្រកួតប្រជែងការយល់ដឹងពាក់ព័ន្ធនឹងការអនុវត្តមុខងារសវនកម្ម ដោយមានការចូលរួមពីលោកអនុប្រធានអង្គភាព ថ្នាក់ដឹកនាំនាយកដ្ឋាន ថ្នាក់ដឹកនាំការិយាល័យ និងមន្រ្តីជំនាញនៃនាយកដ្ឋានកិច្ចការទូទៅ នាយកដ្ឋានសវនកម្មទី១ និងនាយកដ្ឋានសវនកម្មទី២។ ក្នុងកិច្ចប្រជុំនេះ ឯកឧត្តមប្រធាន បានធ្វើការត្រួតពិនិត្យ និងផ្តល់ការណែនាំបន្ថែមក្នុងការកែសម្រួលខ្លឹមសារ នៃការរៀបសេចក្តីព្រាងក្របខ័ណ្ឌបទប្បញ្ញត្តិកម្មវិធីប្រកួតប្រជែងការយល់ដឹងពាក់ព័ន្ធនឹងការអនុវត្តមុខងារសវនកម្ម ។ កិច្ចប្រជុំនេះ បានបញ្ចប់វេលាម៉ោង ១២:០០ នាទីថ្ងៃត្រង់ ប្រកបដោយផ្លែផ្កា និងស្មារតីទទួលខុសត្រូវខ្ពស់។\r\n\r\n', NULL, 1, '2024-06-26 08:27:32', '2024-06-26 08:27:32'),
(50, 'photo_2024-06-05_16-15-38.jpg', 'កិច្ចប្រជុំគណៈកម្មការកែទម្រង់ការគ្រប់គ្រងហិរញ្ញវត្ថុសាធារណៈ ដើម្បីពិនិត្យ និងពិភាក្សាលើរបាយការណ៍សមិទ្ធកម្មប្រចាំត្រីមាសទី១ ឆ្នាំ២០២៤ នៃការអនុវត្តកម្មវិធីកែទម្រង់ការគ្រប់គ្រងហិរញ្ញវត្ថុសាធារណៈ ដំណាក់កាលទី៤', 'នាព្រឹកថ្ងៃពុធ ១៤រោច ខែពិសាខ ឆ្នាំរោង ឆស័ក ព.ស.២៥៦៨ ត្រូវនឹងថ្ងៃទី០៥ ខែមិថុនា ឆ្នាំ២០២៤ ឯកឧត្តម ឈុន សម្បត្តិ ប្រធានអង្គភាពសវនកម្មផ្ទៃក្នុងនៃ អ.ស.ហ. បានចូលរួមកិច្ចប្រជុំគណៈកម្មការកែទម្រង់ការគ្រប់គ្រងហិរញ្ញវត្ថុសាធារណៈ ដើម្បីពិនិត្យ និងពិភាក្សាលើរបាយការណ៍សមិទ្ធកម្មប្រចាំត្រីមាសទី១ ឆ្នាំ២០២៤ នៃការអនុវត្តកម្មវិធីកែទម្រង់ការគ្រប់គ្រងហិរញ្ញវត្ថុសាធារណៈ ដំណាក់កាលទី៤ ដែលដឹកនាំដ៏ខ្ពង់ខ្ពស់ដោយ ឯកឧត្តមអគ្គបណ្ឌិតសភាចារ្យ អូន ព័ន្ធមុនីរ័ត្ន ឧបនាយករដ្ឋមន្ត្រី រដ្ឋមន្ត្រីក្រសួងសេដ្ឋកិច្ចនិងហិរញ្ញវត្ថុ និងជាប្រធានគណៈកម្មាធិការដឹកនាំការងារកែទម្រង់ការគ្រប់គ្រងហិរញ្ញវត្ថុសាធារណៈ តាមរយៈប្រព័ន្ធវីដេអូអនឡាញ (Zoom)។', NULL, 1, '2024-06-26 08:28:22', '2024-06-26 08:28:22'),
(51, '17.jpg,18.jpg,19.jpg', 'កិច្ចប្រជុំរបាយការណ៍លទ្ធផលសិក្សាស្រាវជ្រាវស្តីអំពីការរៀបចំការវិភាគមុខងាររបស់អង្គភាពសវនកម្មផ្ទៃក្នុងនៃ អ.ស.ហ.', 'នាព្រឹកថ្ងៃពុធ ៦កើត ខែជេស្ឋ ឆ្នាំរោង ឆស័ក ព.ស. ២៥៦៨ ត្រូវនឹងថ្ងៃទី១២ ខែមិថុនា ឆ្នាំ២០២៤ ឯកឧត្តម ឈុន សម្បត្តិ ប្រធានអង្គភាពសវនកម្មផ្ទៃក្នុងនៃអាជ្ញាធរសេវាហិរញ្ញវត្ថុមិនមែនធនាគារ (អ.ស.ហ.) បានដឹកនាំកិច្ចប្រជុំរបាយការណ៍លទ្ធផលសិក្សាស្រាវជ្រាវស្តីអំពីការរៀបចំការវិភាគមុខងាររបស់អង្គភាពសវនកម្មផ្ទៃក្នុងនៃ អ.ស.ហ.។ កិច្ចប្រជុំនេះ មានការចូលរួមពីអនុប្រធានអង្គភាព, ថ្នាក់ដឹកនាំនាយកដ្ឋាន, ថ្នាក់ដឹកនាំការិយាល័យ និងមន្រ្តីជំនាញក្រោមឱវាទទាំងអស់។ នៅក្នុងកិច្ចប្រជុំនេះ ឯកឧត្តមប្រធានអង្គភាព បានផ្តល់ជាអនុសាសន៍ និងណែនាំពីការរៀបចំការវិភាគមុខងាររបស់អង្គភាពសវនកម្មផ្ទៃក្នុង។ ជាចុងក្រោយឯកឧត្តមប្រធានអង្គភាពបានថ្លែងអំណរគុណដល់មន្ត្រីទាំងអស់ដែលបានខិតខំប្រឹងប្រែងអស់ពីកំលាំងកាយចិត្ត ប្រកបដោយប្រសិទ្ធភាព ស័ក្តិសិទ្ធិភាព និងគណនេយ្យភាពក្នុងការអនុវត្តការងារផងដែរ។\r\n\r\n', NULL, 1, '2024-07-02 04:11:57', '2024-07-02 04:11:57'),
(52, '14.jpg,15.jpg,16.jpg', 'កិច្ចប្រជុំបូកសរុបលទ្ធផលការងារប្រចាំខែឧសភា ឆ្នាំ២០២៤ និងផ្តល់បណ្ណសរសើរជូនដល់មន្រ្តីឆ្នើមប្រចាំខែឧសភា ឆ្នាំ២០២៤ របស់អង្គភាពសវនកម្មផ្ទៃក្នុងនៃ អ.ស.ហ.', 'នាព្រឹកថ្ងៃចន្ទ ១១កើត ខែជេស្ឋ ឆ្នាំរោង ឆស័ក ព.ស. ២៥៦៨ ត្រូវនឹងថ្ងៃទី១៧ ខែមិថុនា ឆ្នាំ២០២៤ ឯកឧត្តម ឈុន សម្បត្តិ ប្រធានអង្គភាពសវនកម្មផ្ទៃក្នុងនៃអាជ្ញាធរសេវាហិរញ្ញវត្ថុមិនមែនធនាគារ (អ.ស.ហ.) បានដឹកនាំកិច្ចប្រជុំបូកសរុបលទ្ធផលការងារប្រចាំខែឧសភា ឆ្នាំ២០២៤ និងផ្តល់បណ្ណសរសើរជូនដល់មន្រ្តីឆ្នើមប្រចាំខែឧសភា ឆ្នាំ២០២៤ របស់អង្គភាពសវនកម្មផ្ទៃក្នុងនៃ អ.ស.ហ.។ កិច្ចប្រជុំនេះ មានការចូលរួមពីអនុប្រធានអង្គភាព, ថ្នាក់ដឹកនាំនាយកដ្ឋាន, ថ្នាក់ដឹកនាំការិយាល័យ និងមន្រ្តីជំនាញក្រោមឱវាទទាំងអស់។ ជាលទ្ធផលនៃកិច្ចប្រជុំ ឯកឧត្តមប្រធានអង្គភាព បានធ្វើការវាយតម្លៃខ្ពស់លើសមិទ្ធផលការងារដែលសម្រេចបានក្នុងខែឧសភា ឆ្នាំ២០២៤ ព្រមទាំងកោតសរសើរដល់ការខិតខំប្រឹងប្រែង និងការទទួលខុសត្រូវខ្ពស់របស់ថ្នាក់ដឹកនាំ និងមន្រ្តីទាំងអស់នៃនាយកដ្ឋានក្រោមឱវាទ។ នៅក្នុងកិច្ចប្រជុំនេះ ឯកឧត្តមប្រធានអង្គភាព បានផ្តល់ជាអនុសាសន៍ និងណែនាំតម្រង់ទិសដៅការងារមួយចំនួនសម្រាប់អនុវត្តនៅខែបន្ទាប់។ ជាចុងក្រោយឯកឧត្តមប្រធានអង្គភាពបានថ្លែងអំណរគុណដល់មន្ត្រីទាំងអស់ដែលបានខិតខំប្រឹងប្រែងអស់ពីកំលាំងកាយចិត្ត ប្រកបដោយប្រសិទ្ធភាព ស័ក្តិសិទ្ធិភាព និងគណនេយ្យភាពក្នុងការអនុវត្តការងារផងដែរ។', NULL, 1, '2024-07-02 03:52:08', '2024-07-02 03:52:08'),
(53, '11.jpg,12.jpg,13.jpg', 'សិក្ខាសាលាបញ្ជ្រាបការយល់ដឹងស្តីពី “គោលការណ៍ណែនាំស្តីពីសវនកម្មហិរញ្ញវត្ថុ” “សេចក្តីណែនាំស្តីពីយន្តការនិងនីតិវិធីសវនកម្មហិរញ្ញវត្ថុ” និង “សេចក្តីណែនាំស្តីពីការរៀបចំរបាយការណ៍សវនកម្មហិរញ្ញវត្ថុ”', 'នាព្រឹកថ្ងៃព្រហស្បតិ៍ ១៤កើត ខែជេស្ឋ ឆ្នាំរោង ឆស័ក ព.ស. ២៥៦៨ ត្រូវនឹងថ្ងៃទី២០ ខែមិថុនា ឆ្នាំ២០២៤ ដោយមានការអនុញ្ញាតដ៏ខ្ពង់ខ្ពស់ពី ឯកឧត្តមអគ្គបណ្ឌិតសភាចារ្យ អូន ព័ន្ធមុនីរ័ត្ន ឧបនាយករដ្ឋមន្ត្រី រដ្ឋមន្ត្រីក្រសួងសេដ្ឋកិច្ចនិងហិរញ្ញវត្ថុ និងជាប្រធានក្រុមប្រឹក្សាអាជ្ញាធរសេវាហិរញ្ញវត្ថុមិនមែនធនាគារ (អ.ស.ហ.), អង្គភាពសវនកម្មផ្ទៃក្នុងនៃ អ.ស.ហ. បានរៀបចំសិក្ខាសាលាបញ្ជ្រាបការយល់ដឹងស្តីពី “គោលការណ៍ណែនាំស្តីពីសវនកម្មហិរញ្ញវត្ថុ” “សេចក្តីណែនាំស្តីពីយន្តការនិងនីតិវិធីសវនកម្មហិរញ្ញវត្ថុ” និង “សេចក្តីណែនាំស្តីពីការរៀបចំរបាយការណ៍សវនកម្មហិរញ្ញវត្ថុ” ក្រោមអធិបតីភាពដ៏ខ្ពង់ខ្ពស់របស់ឯកឧត្តម ឈុន សម្បត្តិ ប្រធានអង្គភាពសវនកម្មផ្ទៃក្នុងនៃ អ.ស.ហ. ដោយមានការចូលរួមពីថ្នាក់ដឹកនាំ និងមន្រ្តីជំនាញទាំងអស់ នៅសណ្ឋាគារអង្គរប៉ារ៉ាឌី ខេត្តសៀមរាប។', NULL, 1, '2024-07-02 03:34:47', '2024-07-02 03:34:47'),
(54, '7.jpg,8.jpg,10.jpg', 'ឯកឧត្តម ឈុន សម្បត្តិ ប្រធានអង្គភាពសវនកម្មផ្ទៃក្នុងនៃ អ.ស.ហ. អមដំណើរដោយសហការីបានឆ្លៀតពេលចូលថ្វាយបង្គំសម្តេចព្រះព្រហ្មរតនមុនី ពិន សែម សិរីសុវណ្ណោ គង់នៅវត្តរាជបូរណ៍', 'នារសៀលថ្ងៃពុធ ១៣កើត ខែជេស្ឋ ឆ្នាំរោង ឆស័ក ព.ស. ២៥៦៨ ត្រូវនឹងថ្ងៃទី១៩ ខែមិថុនា ឆ្នាំ២០២៤ ក្នុងបេសកកម្មរៀបចំកម្មវិធីសិក្ខាសាលាបញ្ជ្រាបការយល់ដឹងកម្រិតផ្ទៃក្នុងស្តីពី “គោលការណ៍ណែនាំស្តីពីសវនកម្មហិរញ្ញវត្ថុ” “សេចក្តីណែនាំស្តីពីយន្តការនិងនីតិវិធីសវនកម្មហិរញ្ញវត្ថុ” និង “សេចក្តីណែនាំស្តីពីការរៀបចំរបាយការណ៍សវនកម្មហិរញ្ញវត្ថុ” នៅខេត្តសៀមរាប ឯកឧត្តម ឈុន សម្បត្តិ ប្រធានអង្គភាពសវនកម្មផ្ទៃក្នុងនៃអាជ្ញាធរសេវាហិរញ្ញវត្ថុមិនមែនធនាគារ អមដំណើរដោយសហការីបានឆ្លៀតពេលចូលថ្វាយបង្គំសម្តេចព្រះព្រហ្មរតនមុនី ពិន សែម សិរីសុវណ្ណោ គង់នៅវត្តរាជបូរណ៍ ដើម្បីស្តាប់ឱវាទរបស់សម្តេច។ ជាមួយគ្នានេះដែរ ជាសទ្ធាជ្រះថ្លារបស់ថ្នាក់ដឹកនាំ និងមន្រ្តីក្រោមឱវាទរបស់អង្គភាពសវនកម្មផ្ទៃក្នុងនៃ អ.ស.ហ. នាព្រឹកថ្ងៃសៅរ៍ ១រោច ខែជេស្ឋ ឆ្នាំរោង ឆស័ក ព.ស. ២៥៦៨ ត្រូវនឹងថ្ងៃទី២២ ខែមិថុនា ឆ្នាំ២០២៤ អង្គភាពសវនកម្មផ្ទៃក្នុងនៃ អ.ស.ហ. ក៏បានរៀបចំប្រគេនចង្ហាន់ព្រឹកដល់ព្រះសង្ឃចំនួន ១០២ អង្គ គង់នៅវត្តរាជបូរណ៍ផងដែរ។', NULL, 1, '2024-07-02 03:33:45', '2024-07-02 03:33:45'),
(55, '4.jpg,5.jpg,6.jpg', 'លោក នួន សំរតនា ប្រធាននាយកដ្ឋានកិច្ចការទូទៅ បានអញ្ជើញចូលរួមប្រគល់ថវិកាដែលបានមកពីថ្នាក់ដឹកនាំ និងមន្រ្តីរបស់ អ.ស.ហ. ជូនមូលនិធិគន្ធបុប្ផាកម្ពុជា', 'នាព្រឹកថ្ងៃចន្ទ ៣រោច ខែជេស្ឋ ឆ្នាំរោង ឆស័ក ព.ស. ២៥៦៨ ត្រូវនឹងថ្ងៃទី២៤ ខែមិថុនា ឆ្នាំ២០២៤ ដោយមានការអនុញ្ញាតដ៏ខ្ពង់ខ្ពស់ពី ឯកឧត្តម ឈុន សម្បត្តិ ប្រធានអង្គភាពសវនកម្មផ្ទៃក្នុងនៃ អ.ស.ហ. លោក នួន សំរតនា ប្រធាននាយកដ្ឋានកិច្ចការទូទៅ បានអញ្ជើញចូលរួមប្រគល់ថវិកាដែលបានមកពីថ្នាក់ដឹកនាំ និងមន្រ្តីរបស់ អ.ស.ហ. ជូនមូលនិធិគន្ធបុប្ផាកម្ពុជា ក្រោមអធិបតីភាពដ៏ខ្ពង់ខ្ពស់របស់ ឯកឧត្តម គុយ សាវុធ អគ្គលេខាធិការរងនៃអគ្គលេខាធិការដ្ឋាន អ.ស.ហ.។ កម្មវិធីនេះត្រូវបានរៀបចំឡើងនៅទីស្តីការក្រសួងសេដ្ឋកិច្ចនិងហិរញ្ញវត្ថុ ដោយមានការចូលរួមជាតំណាងពីបណ្តាអង្គភាពក្រោមឱវាទ អ.ស.ហ.។', NULL, 1, '2024-07-02 03:32:26', '2024-07-02 03:32:26'),
(56, '1.jpg,2.jpg,3.jpg', 'ឯកឧត្តម ឈុន សម្បត្តិ ប្រធានអង្គភាពសវនកម្មផ្ទៃក្នុងនៃ អ.ស.ហ. បានអញ្ជើញចូលរួមជាវាគ្មិនកិត្តិយសក្រោមប្រធានបទ “ការគ្រប់គ្រងទ្រព្យ និងការរៀបចំបញ្ជិកាគណនេយ្យ”', 'នាព្រឹកថ្ងៃចន្ទ ១០ រោច ខែជេស្ឋ ឆ្នាំរោង ឆស័ក ព.ស. ២៥៦៨ ត្រូវនឹងថ្ងៃទី១ ខែកក្កដា ឆ្នាំ២០២៤ ឯកឧត្តម ឈុន សម្បត្តិ ប្រធានអង្គភាពសវនកម្មផ្ទៃក្នុងនៃអាជ្ញាធរសេវាហិរញ្ញវត្ថុមិនមែនធនាគារ (អ.ស.ហ.) បានអញ្ជើញចូលរួមជាវាគ្មិនកិត្តិយសក្រោមប្រធានបទ “ការគ្រប់គ្រងទ្រព្យ និងការរៀបចំបញ្ជិកាគណនេយ្យ” ក្នុងកម្មវិធី “វគ្គបណ្តុះបណ្តាល និងការប្រឡងគុណវុឌ្ឍិ និងកម្មវិធីអប់រំវិជ្ជាជីវៈបន្ត ក្នុងវិស័យបរធនបាលកិច្ច លើកទី៥” ដើម្បីចែករំលែកចំណេះដឹង និងបទពិសោធន៍ក្នុងវិស័យបរធនបាលកិច្ចនៅកម្ពុជា សម្រាប់ក្រុមហ៊ុនបរធនបាល, ក្រុមបរធនបាលនៃបរធនបាលកិច្ចហិរញ្ញវត្ថុ, បរធនបាលរូបវន្តបុគ្គលឯករាជ្យ, ប្រតិបត្តិករបរធនបាលផ្តល់សេវារក្សាសុវត្ថិភាព ឬសេវារក្សាទុក (Escrow Services) ក្នុងវិស័យបរធនបាលកិច្ច, ក្រុមហ៊ុនវាយតម្លៃក្នុងវិស័យបរធនបាលកិច្ច និងសាធារណជន ដែលប្រព្រឹត្តទៅនៅអគារមជ្ឈមណ្ឌលអភិវឌ្ឍធុរកិច្ច។\r\n\r\n', NULL, 1, '2024-07-02 03:31:03', '2024-07-02 03:31:03');

-- --------------------------------------------------------

--
-- Table structure for table `registered`
--

DROP TABLE IF EXISTS `registered`;
CREATE TABLE IF NOT EXISTS `registered` (
  `id` int NOT NULL AUTO_INCREMENT,
  `profile` varchar(100) DEFAULT NULL,
  `firstname` varchar(45) DEFAULT NULL,
  `lastname` varchar(45) DEFAULT NULL,
  `email` varchar(45) DEFAULT NULL,
  `dob` datetime DEFAULT NULL,
  `password` varchar(255) CHARACTER SET utf8mb3 COLLATE utf8mb3_general_ci DEFAULT NULL,
  `contact` varchar(45) DEFAULT NULL,
  `gender` varchar(45) DEFAULT NULL,
  `role` varchar(45) DEFAULT NULL,
  `created_at` timestamp NULL DEFAULT CURRENT_TIMESTAMP ON UPDATE CURRENT_TIMESTAMP,
  PRIMARY KEY (`id`)
) ENGINE=InnoDB AUTO_INCREMENT=4 DEFAULT CHARSET=utf8mb4 COLLATE=utf8mb4_0900_ai_ci;

--
-- Dumping data for table `registered`
--

INSERT INTO `registered` (`id`, `profile`, `firstname`, `lastname`, `email`, `dob`, `password`, `contact`, `gender`, `role`, `created_at`) VALUES
(1, NULL, 'Neath', 'Neath', 'Neath@gmail.com', '2024-06-25 00:00:00', '$2y$10$mOdDMMdkXbSg43gAS1L.zeUiGw2qXDmFsZNc/E4bjoe2sZuliz9Sq', '0987654320', 'other', 'admin', '2024-06-25 04:39:12'),
(2, NULL, 'Nea', 'Nea', 'Nea@gmail.com', '2024-06-25 00:00:00', '$2y$10$oucQ5TrXz6LuNwb9u5dVoexCAIDw/3wOvRVxEKwYdLaVOidohSlOi', '0987654321', 'other', 'user', '2024-06-25 04:40:19'),
(3, 'milk-bear-mocha-2560x1440-10085.png', 'KH', 'SMN', 'khsmn@gmail.com', '2024-06-28 00:00:00', '$2y$10$Lkexg/6bEjr7.RuiSQPSou7UhQaf.6Hls2QwiyE6MW6ek/SDkCyG.', '0987654322', 'other', 'admin', '2024-06-28 02:14:57');

-- --------------------------------------------------------

--
-- Table structure for table `viewer`
--

DROP TABLE IF EXISTS `viewer`;
CREATE TABLE IF NOT EXISTS `viewer` (
  `id` int NOT NULL AUTO_INCREMENT,
  `view_count` int NOT NULL,
  `visitor_ip` varchar(45) DEFAULT NULL,
  `visitor_location` varchar(255) DEFAULT NULL,
  `visitor_device` varchar(255) DEFAULT NULL,
  PRIMARY KEY (`id`)
) ENGINE=MyISAM AUTO_INCREMENT=3 DEFAULT CHARSET=utf8mb4 COLLATE=utf8mb4_0900_ai_ci;

--
-- Dumping data for table `viewer`
--

INSERT INTO `viewer` (`id`, `view_count`, `visitor_ip`, `visitor_location`, `visitor_device`) VALUES
(1, 90, NULL, NULL, NULL);
COMMIT;

/*!40101 SET CHARACTER_SET_CLIENT=@OLD_CHARACTER_SET_CLIENT */;
/*!40101 SET CHARACTER_SET_RESULTS=@OLD_CHARACTER_SET_RESULTS */;
/*!40101 SET COLLATION_CONNECTION=@OLD_COLLATION_CONNECTION */;
